-- Insertar usuarios en la tabla USUARIO
INSERT INTO sisinf_db.usuario(nombre_usuario, correo_elec, password) VALUES
('admin', 'admin@unizar.es', '$2a$10$f5.f1UuxTvadZi1TeOZf6O3Ecwy3/qofzxJIRMVjiSwoHIToAKszy'),
('andrea', 'andrea@gmail.com', '$2a$10$UgBL0oR/gyJSS1no.ufVfegC3kPm5qrnb0.CnHHh8zxOx7i.Gl1pu'),
('mario', 'mario@gmail.com', '$2a$10$YMbpUFWBRTyxLTEzYU5x2.5svM4SsNA3pRz9e2qcOSrxPYagA4xH6'),
('jorge', 'jorge@gmail.com', '$2a$10$badIw81CdHCgXX/Ei.XqjOgN6IBDzY57fMJ5Gnewj.Eb7Rc74ogja'),
('lucia', 'lucia@gmail.com', '$2a$10$ikgoYwlvG7J6f9wt7Pv4RelPF24ZQhl6TMdOauGj0IapcmohctPtO'),
('pablo', 'pablo@gmail.com', '$2a$10$M8euEAFJsRrLOFypBW/Q4uks..f4pmh4pxK.VmOv7xg3yq7iiuFP2'),
('sara', 'sara@gmail.com', '$2a$10$mbF8icTGYj12TpbPPL0rg.EQtlgPJn.0d9NMR/GmU.kJu0TwJHv6O'),
('rafael', 'rafael@gmail.com', '$2a$10$JFN3nSKpZnVMyiEnS7nv2.gtPyH.ZAn5AqP2JIqsfo6F7dA9AR9gu'),
('carla', 'carla@gmail.com', '$2a$10$ISh1qgeNNWjSu1pQrUjDgu9dCu/eLqIGp3HJLHPhg5pZiyTm/YzHO'),
('andrea2', 'andrea2@gmail.com', '$2a$10$i9Bqbdd.31wryGJK.ur/2uGDTpNvF6A7FFItDotkerVHn3lgmt02y'),
('mario2', 'mario2@gmail.com', '$2a$10$ax2TwBh9z0WnY250n7v92O39ilNykRMGazw/wAVhKikKmGZTTUfHe'),
('jose', 'jose@gmail.com', '$2a$10$WtdnnEoe1WShu5FmgUCQvuRNUpPV5hYaWz9rrhKN7UW3eakWtWzoe'),
('alba', 'alba@gmail.com', '$2a$10$i2dm/pS38wIvAcC48JVQJ.N1z2X2fBxEUSEmuhrlnfZE7oQoun0Tu'),
('carlos', 'carlos@gmail.com', '$2a$10$UhexuC3hNqUEEx9WgMhLyO7EZmTiqGKZR7L4R.aLsdS/2mlP2pQP.'),
('marina', 'marina@gmail.com', '$2a$10$CcxGQtWcpswFvbWD1M1OnOwwhiQlLX0JU94Zsl71meNOWl9ACFeFC'),
('pedro', 'pedro@gmail.com', '$2a$10$Q5f/mEX8a9f1PFGQ86HLB.v6XkkcD.pBio/rgmArDYKEeLY9/2lPS'),
('elena', 'elena@gmail.com', '$2a$10$RxfY4l1qsYlwNyoUtzZF0.ZVxLudgeXlxm14oJ64s9SSdXB43o2ke'),
('isabel', 'isabel@gmail.com', '$2a$10$zUxIiQho/NPn33FMZmnwQOiECDJ5iUJm7o7fpPYBPFI5Tp4iCMeeG'),
('fernando', 'fernando@gmail.com', '$2a$10$7x7rr7RVLDGi7F1Qltv1G.pQliNz8jzKABL476u5BGA9bjmsYVfI6'),
('ana', 'ana@gmail.com', '$2a$10$SVsr9djheh1pZGECqqKZGOB0/46Jd/IoYpSbDOptsZCVxr7VE/cEG'),
('martin', 'martin@gmail.com', '$2a$10$3gg8A79lPIIGGiDdDNtCKeCWZpOyjUcy2AAlXfcsWuGX26rL/MBju'),
('clara', 'clara@gmail.com', '$2a$10$x24sP/DBrc3VHL/XEIsHduei2fy4D11O/lOJz8m87vhhTn2b.zjOy'),
('daniel', 'daniel@gmail.com', '$2a$10$LMzIGsZLXG47XA0gm2BCzO4mqv/5fiFiht/7ju2RdRyt4eTmA3wr6'),
('marta', 'marta@gmail.com', '$2a$10$pUSF8NoUr5ElUDJB3uN/XOjNnS8fOX2AGRb.og23c5AEZzIhilVQC'),
('ignacio', 'ignacio@gmail.com', '$2a$10$/ycMcNc9w2YZd9/JuTObQOXL8Jv388Oe3iRpvF3CAwAVworYpTTjy'),
('susana', 'susana@gmail.com', '$2a$10$eqxzo8GI9Io0XePWhjM.CO935SLEK6CRlacQiKsMM5o1HYYU5yz9.'),
('jaime', 'jaime@gmail.com', '$2a$10$CeDSv6fKcDVjdrfqLrSvrOeqdzygxenUe15Qzd/8ogkKPKb4q1S.e'),
('ines', 'ines@gmail.com', '$2a$10$ohj3R9He0YZVUrqOiKQ53umOP2lFx/vdfBZJB1bz7gR8H2N/7fseK'),
('ricardo', 'ricardo@gmail.com', '$2a$10$LWd3yx/WIQGaiD4HyWVK6uHRz0mNx5Ph9kAFnpDKiTyRR3I6/TVEi'),
('victor', 'victor@gmail.com', '$2a$10$OKqitlDCYxv4Uf81hPlep.Wl0ZUvBKTMHFi/O0t6N23plK2wx5lZm'),
('natalia', 'natalia@gmail.com', '$2a$10$t7vrGDVy1EqfS7HFU97kgephesUzvwv7Cqgj38enTEXb43ChFBMOC'),
('manuel', 'manuel@gmail.com', '$2a$10$Ai0rfZTkarJqezcDS4PXDe5v8gVz2zwzEbgwau7Pe/dozoXpT62l6'),
('laura', 'laura@gmail.com', '$2a$10$YfCKo.AmIdFhl2.cAspK/.svQix2tYKFydmYLMuh.R5naHQ8jh0Si'),
('sergio', 'sergio@gmail.com', '$2a$10$i3MRKFPmPDDfwx3mp04mRuDHhl6L1TFEvPQtTYZcTxAoTp1xVy.Eq'),
('monica', 'monica@gmail.com', '$2a$10$lJfCInJpqts6oud24/fsLuETvtJMtYMeuT5yFvuO4VB7wq4CtknSO'),
('julio', 'julio@gmail.com', '$2a$10$1kxJcNtjwskicHWLUYElduimCYZ.hGlkgYZbDrPcQ5OMNKg4QOPei'),
('diana', 'diana@gmail.com', '$2a$10$W0hStAiajGiMZfzQcfqX9.gYm4DhxwoEz3Eu37AjRDFdK5Ue721hm'),
('alejandro', 'alejandro@gmail.com', '$2a$10$paz55fOA.0a//wifyHdEYuPSjGtW1etqvsHCs1Pr0szLWIZvSI.oa'),
('roberto', 'roberto@gmail.com', '$2a$10$PFGlSmtP3HBxemgOKWFPBur/ywCr5DblZWCP/mG12yZVmks2UZM/i'),
('paula', 'paula@gmail.com', '$2a$10$JdzttWr.uKIuJ9zyhvJ.4e7n8W/c1fq1KtPQ4/hDhmxqT3lFAj1ia');


-- Insertar competición
INSERT INTO sisinf_db.COMPETICION (nombre) VALUES 
    ('2a Aragonesa Femenina'),
    ('Social Plata'),
    ('3a Aragonesa Masculina'),
    ('1a División Nacional Femenina'),
    ('Liga Regional Sub-18 Masculina'),
    ('Social Oro Femenino'),
    ('Liga Juvenil Femenina'),
    ('Copa de Primavera Masculina'),
    ('1a Aragonesa Masculina'),
    ('2a División Nacional Masculina'),
    ('Liga Provincial Juvenil'),
    ('Social Bronce'),
    ('Liga Universitaria'),
    ('Torneo de Verano Mixto'),
    ('Liga Regional Senior Femenina'),
    ('2a División Regional Femenina'),
    ('Torneo Nacional Juvenil'),
    ('Copa de Invierno Sub-21'),
    ('Social Plata Plus'),
    ('Liga Intercomarcal Masculina'),
    ('Copa Federativa Masculina'),
    ('Liga Escolar Sub-15'),
    ('Liga Senior Veteranos Mixto'),
    ('Torneo Internacional Juvenil'),
    ('Liga Primavera Escolar'),
    ('Superliga Femenina Sub-21'),
    ('Campeonato Estatal Masculino'),
    ('Liga Universitaria Plus'),
    ('Liga Verano Senior Masculina'),
    ('Liga Municipal Sub-13'),
    ('Liga Regional Infantil Mixta'),
    ('Copa de Otoño Mixto'),
    ('Liga Promesas Sub-10'),
    ('Liga Escolar Sub-12'),
    ('Torneo de Invierno Regional'),
    ('Copa Nacional Femenina Sub-23');

-- Insertar equipos
INSERT INTO sisinf_db.EQUIPO (nombre_equipo, ubicacion, competicion) VALUES 
    -- 2a Aragonesa Femenina
    ('Boscos', 'Zaragoza', '2a Aragonesa Femenina'),
    ('Cristo Rey', 'Zaragoza', '2a Aragonesa Femenina'),
    ('Black Lions', 'Zaragoza', '2a Aragonesa Femenina'),
    ('Valencia Flames', 'Valencia', '2a Aragonesa Femenina'),
    ('Madrid Titans', 'Madrid', '2a Aragonesa Femenina'),
    ('Barcelona Warriors', 'Barcelona', '2a Aragonesa Femenina'),
    ('Sevilla Sharks', 'Sevilla', '2a Aragonesa Femenina'),
    ('Bilbao Giants', 'Bilbao', '2a Aragonesa Femenina'),
    ('Granada Phoenix', 'Granada', '2a Aragonesa Femenina'),
    ('Malaga Thunder', 'Málaga', '2a Aragonesa Femenina'),
    
    -- Social Plata
    ('Huesca Stars', 'Huesca', 'Social Plata'),
    ('Tarragona Eagles', 'Tarragona', 'Social Plata'),
    ('Leon Wolves', 'León', 'Social Plata'),
    ('Pamplona Bears', 'Pamplona', 'Social Plata'),
    ('Valladolid Dragons', 'Valladolid', 'Social Plata'),

    -- 3a Aragonesa Masculina
    ('Teruel Falcons', 'Teruel', '3a Aragonesa Masculina'),
    ('Zaragoza Hawks', 'Zaragoza', '3a Aragonesa Masculina'),
    ('Logroño Knights', 'Logroño', '3a Aragonesa Masculina'),

    -- Liga Regional Sub-18 Masculina
    ('Toledo Titans', 'Toledo', 'Liga Regional Sub-18 Masculina'),
    ('Murcia Royals', 'Murcia', 'Liga Regional Sub-18 Masculina'),
    ('Almeria Bulls', 'Almería', 'Liga Regional Sub-18 Masculina'),
    ('Cadiz Vikings', 'Cádiz', 'Liga Regional Sub-18 Masculina'),

    -- 1a División Nacional Femenina
    ('Barcelona Queens', 'Barcelona', '1a División Nacional Femenina'),
    ('Valencia Stars', 'Valencia', '1a División Nacional Femenina'),
    ('Madrid Rockets', 'Madrid', '1a División Nacional Femenina'),
    ('Sevilla Panthers', 'Sevilla', '1a División Nacional Femenina'),
    ('Alicante Royals', 'Alicante', '1a División Nacional Femenina'),

    -- Social Oro Femenino
    ('Granada Elite', 'Granada', 'Social Oro Femenino'),
    ('Cordoba Champions', 'Córdoba', 'Social Oro Femenino'),

    -- Liga Provincial Juvenil
    ('Santander Sharks', 'Santander', 'Liga Provincial Juvenil'),
    ('Burgos Braves', 'Burgos', 'Liga Provincial Juvenil'),
    ('Albacete Foxes', 'Albacete', 'Liga Provincial Juvenil'),

    -- Copa Federativa Masculina
    ('Vigo Vipers', 'Vigo', 'Copa Federativa Masculina'),
    ('Coruña Cougars', 'A Coruña', 'Copa Federativa Masculina'),
    ('Avila Mustangs', 'Ávila', 'Copa Federativa Masculina'),

    -- Liga Universitaria
    ('Uni Zaragoza', 'Zaragoza', 'Liga Universitaria'),
    ('Uni Valencia', 'Valencia', 'Liga Universitaria'),
    ('Uni Madrid', 'Madrid', 'Liga Universitaria'),

    -- Superliga Femenina Sub-21
    ('Badajoz Lightning', 'Badajoz', 'Superliga Femenina Sub-21'),
    ('Oviedo Storm', 'Oviedo', 'Superliga Femenina Sub-21'),

    -- Liga Regional Infantil Mixta
    ('Girona Gladiators', 'Girona', 'Liga Regional Infantil Mixta'),
    ('Palma Wizards', 'Palma de Mallorca', 'Liga Regional Infantil Mixta'),

    -- Liga Promesas Sub-10
    ('Huelva Heroes', 'Huelva', 'Liga Promesas Sub-10'),
    ('Jaen Jaguars', 'Jaén', 'Liga Promesas Sub-10'),
    
    -- Copa Nacional Femenina Sub-23
    ('Algeciras Amazons', 'Algeciras', 'Copa Nacional Femenina Sub-23'),
    ('Elche Eagles', 'Elche', 'Copa Nacional Femenina Sub-23');

-- Insertar jugadores
INSERT INTO sisinf_db.JUGADOR (nombre_usuario, nombre_jugador, equipo) VALUES 
    ('andrea', 'Andrea Hernández Artal', 1),
    ('mario', 'Mario Ferradas Aznar', 1),
    ('jorge', 'Jorge Clavero Agudo', 2),
    ('lucia', 'Lucía García Pérez', 3),
    ('pablo', 'Pablo Martínez López', 4),
    ('sara', 'Sara Ruiz Martínez', 5),
    ('rafael', 'Rafael Torres Romero', 6),
    ('carla', 'Carla García Álvarez', 7),
    ('mario2', 'Mario López García', 3),
    ('andrea2', 'Andrea Fernández Torres', 2),
    ('jose', 'José Pérez López', 1),
    ('alba', 'Alba Torres Ramírez', 1),
    ('carlos', 'Carlos Díaz Martínez', 1),
    ('marina', 'Marina González Ruiz', 1),
    ('pedro', 'Pedro Sánchez Ruiz', 8),
    ('elena', 'Elena López Martín', 8),
    ('isabel', 'Isabel Gómez Sánchez', 9),
    ('fernando', 'Fernando Torres García', 9),
    ('ana', 'Ana Martínez Ortega', 10),
    ('martin', 'Martín Rubio Díaz', 10),
    ('clara', 'Clara Jiménez Rodríguez', 11),
    ('daniel', 'Daniel Hernández Vega', 11),
    ('marta', 'Marta Blanco Pérez', 12),
    ('ignacio', 'Ignacio González Romero', 12),
    ('susana', 'Susana Navarro Ruiz', 13),
    ('jaime', 'Jaime Serrano Sánchez', 13),
    ('ines', 'Inés Álvarez Martín', 14),
    ('ricardo', 'Ricardo Rojas Herrera', 14),
    ('victor', 'Víctor Pérez González', 15),
    ('natalia', 'Natalia Sánchez López', 15),
    ('manuel', 'Manuel García Navarro', 16),
    ('laura', 'Laura Fernández Ortega', 16),
    ('sergio', 'Sergio Gómez Jiménez', 17),
    ('monica', 'Mónica Muñoz Díaz', 17),
    ('julio', 'Julio Ramos Álvarez', 18),
    ('diana', 'Diana Sánchez Marín', 18),
    ('alejandro', 'Alejandro Pérez Domínguez', 19),
    ('roberto', 'Roberto Martín Sánchez', 19),
    ('paula', 'Paula García Ramírez', 20);

INSERT INTO sisinf_db.PARTIDO (equipo_local, equipo_visitante, jornada, 
    pts_c1_local, pts_c2_local, pts_c3_local, pts_c4_local, 
    pts_c1_visit, pts_c2_visit, pts_c3_visit, pts_c4_visit, hora, fecha) VALUES 
    
    -- 2a Aragonesa Femenina
    -- Jornada 1
    (1, 2, 1, 15, 20, 18, 22, 14, 19, 21, 18, '18:00', '2023-01-07'),
    (3, 4, 1, 17, 18, 16, 24, 22, 14, 20, 19, '19:00', '2023-01-07'),
    (5, 6, 1, 20, 22, 19, 21, 19, 15, 18, 20, '20:00', '2023-01-07'),
    (7, 8, 1, 16, 21, 17, 23, 18, 16, 19, 21, '17:00', '2023-01-07'),
    (9, 10, 1, 19, 18, 20, 22, 17, 21, 15, 18, '18:30', '2023-01-07'),

    -- Jornada 2
    (2, 3, 2, 20, 18, 21, 19, 15, 17, 20, 21, '18:00', '2023-01-14'),
    (4, 5, 2, 21, 20, 18, 17, 22, 19, 15, 23, '19:00', '2023-01-14'),
    (6, 7, 2, 18, 22, 19, 17, 20, 21, 22, 18, '20:00', '2023-01-14'),
    (8, 9, 2, 19, 16, 21, 20, 18, 22, 19, 17, '17:00', '2023-01-14'),
    (10, 1, 2, 15, 19, 18, 20, 22, 21, 17, 19, '18:30', '2023-01-14'),

    -- Jornada 3
    (3, 1, 3, 22, 21, 19, 18, 20, 17, 18, 16, '18:00', '2023-01-21'),
    (2, 6, 3, 19, 17, 18, 20, 21, 18, 20, 23, '19:00', '2023-01-21'),
    (5, 7, 3, 18, 20, 21, 19, 19, 17, 20, 22, '20:00', '2023-01-21'),
    (4, 9, 3, 22, 20, 19, 17, 18, 21, 17, 19, '17:00', '2023-01-21'),
    (8, 10, 3, 21, 19, 18, 20, 20, 18, 22, 16, '18:30', '2023-01-21'),

    -- Jornada 4
    (1, 5, 4, 17, 18, 21, 19, 19, 21, 20, 18, '18:00', '2023-01-28'),
    (6, 4, 4, 18, 21, 19, 20, 22, 20, 18, 17, '19:00', '2023-01-28'),
    (2, 10, 4, 20, 22, 18, 17, 19, 18, 21, 16, '20:00', '2023-01-28'),
    (3, 7, 4, 21, 17, 20, 18, 16, 22, 19, 17, '17:00', '2023-01-28'),
    (9, 8, 4, 22, 19, 17, 21, 20, 18, 21, 19, '18:30', '2023-01-28'),

    -- Jornada 5
    (7, 1, 5, 20, 21, 18, 19, 22, 17, 18, 20, '18:00', '2023-02-04'),
    (5, 9, 5, 18, 20, 21, 19, 17, 22, 18, 20, '19:00', '2023-02-04'),
    (4, 2, 5, 21, 20, 19, 17, 19, 17, 22, 21, '20:00', '2023-02-04'),
    (10, 3, 5, 19, 18, 21, 20, 17, 19, 18, 22, '17:00', '2023-02-04'),
    (8, 6, 5, 18, 21, 20, 19, 20, 18, 17, 22, '18:30', '2023-02-04'),

    -- Social Plata
    -- Jornada 1
    (11, 12, 1, 18, 22, 17, 21, 15, 20, 19, 18, '18:00', '2023-03-01'),
    (13, 14, 1, 20, 19, 22, 18, 17, 18, 21, 19, '19:00', '2023-03-01'),
    (15, 11, 1, 19, 17, 20, 18, 21, 22, 17, 18, '20:00', '2023-03-01'),

    -- Jornada 2
    (12, 13, 2, 22, 18, 20, 19, 18, 20, 21, 17, '18:00', '2023-03-08'),
    (14, 15, 2, 17, 21, 19, 22, 20, 18, 22, 19, '19:00', '2023-03-08'),

    -- Jornada 3
    (11, 14, 3, 20, 19, 18, 21, 17, 22, 19, 18, '18:00', '2023-03-15'),
    (13, 15, 3, 18, 21, 20, 19, 22, 17, 21, 18, '19:00', '2023-03-15'),
    (12, 11, 3, 19, 20, 22, 18, 18, 19, 21, 20, '20:00', '2023-03-15'),

    -- Jornada 4
    (14, 13, 4, 21, 18, 20, 19, 17, 22, 18, 20, '18:00', '2023-03-22'),
    (15, 12, 4, 20, 19, 21, 18, 17, 22, 19, 21, '19:00', '2023-03-22'),

    -- Jornada 5
    (11, 13, 5, 21, 17, 18, 20, 20, 22, 19, 17, '18:00', '2023-03-29'),
    (12, 14, 5, 18, 20, 22, 19, 21, 18, 20, 19, '19:00', '2023-03-29'),
    (15, 11, 5, 22, 19, 18, 20, 19, 21, 20, 18, '20:00', '2023-03-29'),

    -- 3a Aragonesa Masculina
    -- Jornada única
    (16, 17, 1, 20, 18, 22, 19, 18, 19, 17, 18, '18:00', '2023-04-01'),
    (18, 16, 1, 21, 19, 20, 18, 19, 21, 18, 20, '19:30', '2023-04-01'),
    (17, 18, 1, 22, 20, 18, 21, 19, 17, 22, 19, '21:00', '2023-04-01');
    


-- Insertar estadísticas de jugadores en partidos
INSERT INTO sisinf_db.PTS_JUG_PAR (id_partido, nombre_usuario, pts_ant, trp_ant, tlb_lan, tlb_ant, faltas, mnt_jd) VALUES 
    -- Partido 1
    (1, 'andrea', 15, 2, 5, 3, 2, 20),
    (1, 'mario', 20, 1, 4, 2, 1, 22),
    (1, 'jorge', 18, 3, 6, 4, 3, 19),
    (1, 'andrea2', 14, 1, 3, 2, 2, 21),
    (1, 'jose', 15, 2, 5, 3, 4, 20),
    (1, 'alba', 19, 3, 6, 4, 3, 18),
    (1, 'carlos', 18, 1, 4, 2, 1, 22),
    (1, 'marina', 22, 2, 5, 3, 2, 19),

    (2, 'lucia', 12, 2, 4, 3, 1, 28),       
    (2, 'mario2', 15, 3, 5, 4, 2, 30),      
    (2, 'pablo', 10, 1, 3, 2, 1, 25),
    (2, 'rafael', 8, 1, 2, 2, 3, 27),

    (3, 'sara', 14, 3, 6, 5, 2, 30),        
    (3, 'alejandro', 11, 1, 4, 2, 1, 28),   
    (3, 'rafael', 16, 2, 5, 3, 2, 32),      
    (3, 'manuel', 9, 0, 3, 2, 3, 25),
    
    (4, 'carla', 10, 2, 4, 3, 2, 27),      
    (4, 'mario2', 13, 1, 3, 2, 1, 29),    
    (4, 'pedro', 15, 3, 5, 4, 3, 31),       
    (4, 'elena', 7, 1, 2, 1, 2, 24),        
    
    (5, 'isabel', 18, 2, 6, 5, 1, 35),
    (5, 'fernando', 12, 1, 3, 2, 2, 30),   
    (5, 'ana', 9, 0, 4, 3, 3, 28),      
    (5, 'martin', 11, 1, 4, 2, 2, 27);      

-- Insertar jugadores favoritos de usuarios
INSERT INTO sisinf_db.JUGADOR_FAV (nombre_usuario, jugador) VALUES 
    ('andrea', 'andrea'),
    ('andrea', 'mario'),
    ('andrea', 'jorge'),
    ('andrea', 'lucia'),
    ('andrea', 'pablo'),
    ('andrea', 'rafael'),
    ('andrea', 'carla'),
    ('mario', 'lucia'),
    ('jorge', 'rafael'),
    ('lucia', 'sara'),
    ('pablo', 'carla');

-- Insertar equipos favoritos de usuarios
INSERT INTO sisinf_db.EQUIPO_FAV (nombre_usuario, equipo) VALUES 
    ('andrea', 1),
    ('andrea', 2),
    ('andrea', 3),
    ('andrea', 4),
    ('andrea', 5),
    ('mario', 4),
    ('jorge', 5),
    ('lucia', 6),
    ('pablo', 7),
    ('sara', 8);

-- Insertar competiciones favoritas de usuarios
INSERT INTO sisinf_db.COMPETICION_FAV (nombre_usuario, competicion) VALUES 
    ('andrea', '2a Aragonesa Femenina'),
    ('mario', '2a Aragonesa Femenina'),
    ('jorge', '2a Aragonesa Femenina'),
    ('lucia', '2a Aragonesa Femenina'),
    ('pablo', '2a Aragonesa Femenina');